cycle_id,cycle_length,total_value,avg_value,value_std,value_consistency,total_duration_minutes,avg_interval_minutes,max_interval_minutes,min_interval_minutes,interval_std_minutes
7627746856200814883,3,1.226026,0.40867533333333333,0.2667416855415658,0.6526982760762801,1984396.8333333333,992198.4166666667,1937198.9833333334,47197.85,945000.5666666667
4727953611844529313,3,2.2033970000000003,0.7344656666666668,0.07699811604765983,0.10483555534612211,1756543.35,878271.675,1289931.6666666667,466611.68333333335,411659.9916666667
-4311672984151052288,3,1.164173,0.38805766666666663,0.27548785137924964,0.7099147241327096,1790728.3,895364.1499999999,1070130.2,720598.1,174766.05
-6037382466919657114,3,3.955414,1.3184713333333333,0.46876853012713593,0.3555394177149112,2727273.05,1363636.525,1726568.7,1000704.35,362932.175
-9222686125398052654,3,2.0930180000000003,0.6976726666666667,0.4541397218891512,0.6509352359451536,2743970.283333333,1371985.1416666666,1744632.9833333334,999337.3,372647.8416666667
-386134350729549893,3,2.17882,0.7262733333333333,0.284331965341375,0.3914944309415762,2604129.7,1302064.85,1951266.3833333333,652863.3166666667,649201.5333333333
-5780912829483546055,3,4.6067409999999995,1.535580333333333,0.43639236655738556,0.28418725942529804,3874122.85,1937061.4249999998,2559014.1666666665,1315108.6833333333,621952.7416666666
7552616777472526160,3,2.260759,0.7535863333333334,0.39890822443793034,0.5293464156567732,2679182.9833333334,1339591.4916666667,2130015.1333333333,549167.85,790423.6416666667
2780014001809233556,3,1.099308,0.366436,0.4294224992552983,1.1718894957244876,4217566.366666666,2108783.1833333336,3905170.8666666667,312395.5,1796387.6833333333
-3552210567883568621,3,1.386691,0.4622303333333333,0.3433144203751942,0.742734510518625,2044657.8666666667,1022328.9333333333,1753320.5166666666,291337.35,730991.5833333334
1614023380407214899,3,1.437226,0.4790753333333333,0.35590476831715656,0.7428993804394506,2349247.433333333,1174623.7166666668,2257522.966666667,91724.46666666666,1082899.25
4976831446984967585,3,5.267426,1.7558086666666668,0.8105595263825819,0.46164456399534526,1976025.45,988012.725,1464699.3666666667,511326.0833333333,476686.6416666667
-1841873699784121433,3,2.54456,0.8481866666666668,0.1646423547578879,0.19411099139877372,3255675.316666667,1627837.6583333332,3085765.1666666665,169910.15,1457927.5083333333
6939791270993371359,3,1.937141,0.6457136666666666,0.33618607578178417,0.5206426519005858,2150308.1,1075154.05,1200912.1666666667,949395.9333333333,125758.1166666667
8370757049912428314,3,2.539549,0.8465163333333333,0.9586985927799323,1.1325222621574922,1931099.05,965549.525,1689304.3666666667,241794.68333333332,723754.8416666667
-423849578347087868,3,0.79837,0.2661233333333333,0.12138355923087589,0.45611768690284915,1989665.0833333333,994832.5416666667,1285733.3,703931.7833333333,290900.75833333336
7612739409038911017,3,1.418098,0.47269933333333336,0.36943080960159363,0.7815344417697372,4472613.933333334,2236306.966666667,3947215.183333333,525398.75,1710908.2166666666
-7893915064785354576,3,4.504971,1.501657,0.5897035699778885,0.39270190861021426,1763696.2,881848.1,1237552.3833333333,526143.8166666667,355704.2833333333
-5749358794293433933,3,4.745918,1.5819726666666665,1.3242693205830736,0.8371000008321301,2345154.2666666666,1172577.1333333333,2036306.65,308847.61666666664,863729.5166666666
8924946085288933223,3,3.354122,1.1180406666666667,0.5019088037989461,0.4489182001718597,1816960.5,908480.25,1562872.2833333334,254088.21666666667,654392.0333333334
3969918074746339138,3,6.935843,2.3119476666666667,1.5496134789037628,0.6702632162682011,4656747.966666667,2328373.9833333334,2519944.8833333333,2136803.0833333335,191570.8999999999
-7365415819148051861,3,4.8214310000000005,1.6071436666666667,1.137885542199898,0.7080173140712153,2938414.6333333333,1469207.3166666667,2478219.3333333335,460195.3,1009012.0166666667
-3019750555812357938,3,8.119768,2.7065893333333335,0.9147618754198031,0.3379758665838001,792377.6333333333,396188.81666666665,411616.38333333336,380761.25,15427.56666666668
6301557864607067346,3,5.270031,1.756677,1.2102504127625822,0.6889430514332356,2983726.5,1491863.25,1531367.35,1452359.15,39504.10000000009
-7778675551866808573,3,3.8283340000000003,1.2761113333333334,1.1996737875317978,0.940101193520574,3587788.5166666666,1793894.2583333333,3053637.1,534151.4166666666,1259742.8416666668
-1385068090438082240,3,1.2631329999999998,0.4210443333333333,0.2731226335553724,0.6486790390767381,2056777.35,1028388.675,1130680.0,926097.35,102291.32500000001
-7292732022989405938,3,1.302191,0.4340636666666667,0.1502462925562188,0.3461388365214138,1199115.3666666667,599557.6833333333,699856.9333333333,499258.43333333335,100299.25
6916758848694649086,3,2.687099,0.8956996666666667,0.23914328212229213,0.2669904779715509,3875169.25,1937584.625,2007460.3333333333,1867708.9166666667,69875.70833333326
5543403708909103325,3,1.20135,0.40045,0.2836490287062517,0.7083257053471138,4123493.8,2061746.9000000001,3624908.316666667,498585.48333333334,1563161.4166666667
7206343275331644320,3,1.8590209999999998,0.6196736666666666,0.30063539627077995,0.4851511568789917,3749655.316666667,1874827.6583333332,2285084.55,1464570.7666666666,410256.8916666666
-117571949603870419,3,0.300493,0.10016433333333334,0.07883975934486073,0.7871041190130292,2464732.1166666667,1232366.0583333333,1464978.9833333334,999753.1333333333,232612.92500000005
-2095207651468857304,3,0.778786,0.25959533333333334,0.14791013589413748,0.5697719369408444,3530512.6333333333,1765256.3166666667,3253527.7333333334,276984.9,1488271.4166666667
-4208374431116337132,3,2.025903,0.675301,0.4539324132078108,0.6721927158523544,2977682.066666667,1488841.0333333332,1590031.6333333333,1387650.4333333333,101190.59999999999
2086463768608911000,3,1.08078,0.36026,0.34833261885445066,0.9668922968257665,1367142.6166666667,683571.3083333333,1131781.9833333334,235360.63333333333,448210.67500000005
-7077457626930064780,3,4.432043,1.4773476666666667,0.7437979878476563,0.5034684824905735,1734066.9,867033.45,888290.8,845776.1,21257.350000000035
-8090607889962872819,3,3.3196209999999997,1.1065403333333332,0.6928306906257031,0.6261233050029233,1595647.5166666666,797823.7583333333,1241272.8,354374.7166666667,443449.0416666667
3720838900602962114,3,2.233526,0.7445086666666666,0.2023773860643086,0.27182676995608107,1912437.2666666666,956218.6333333333,1466662.8833333333,445774.38333333336,510444.24999999994
-4184834400109754842,3,4.966543,1.6555143333333333,1.3076008837511883,0.789845703793074,1272527.9,636263.9500000001,1051161.8,221366.1,414897.85000000003
-168133440336104065,3,3.223678,1.0745593333333334,0.6380998859516868,0.5938247113561156,2022825.35,1011412.675,1915350.85,107474.5,903938.175
2305243159993276089,3,4.7931859999999995,1.5977286666666666,0.527852317872675,0.330376695921674,1836635.3833333333,918317.6916666667,1332793.4333333333,503841.95,414475.7416666667
8387054559739878317,3,2.255687,0.7518956666666666,0.045902674441571395,0.061049260524493956,2096860.4333333333,1048430.2166666667,1547342.3,549518.1333333333,498912.0833333334
-89936181514136563,3,2.7908020000000002,0.9302673333333334,0.3989272298388378,0.4288307409542179,2710989.7666666666,1355494.8833333333,1654675.3333333333,1056314.4333333333,299180.44999999995
-4226353760696236504,3,1.996679,0.6655596666666667,0.35833877584797075,0.5384021805928305,4346262.033333333,2173131.0166666666,3702993.75,643268.2833333333,1529862.7333333334
8660514612421052622,3,2.753435,0.9178116666666667,0.6310837443088587,0.6875961237242122,2650579.65,1325289.825,2086143.2666666666,564436.3833333333,760853.4416666667
-8046596330670405032,3,1.880201,0.6267336666666666,0.3601889825654798,0.5747082081630844,3530365.0,1765182.5,3346909.0833333335,183455.91666666666,1581726.5833333333
-3722662463715852347,3,1.3355979999999998,0.4451993333333333,0.30741565681265415,0.6905123925297602,2629770.966666667,1314885.4833333334,2347597.283333333,282173.68333333335,1032711.7999999999
9181554780276201048,3,5.307102,1.7690340000000002,1.069070903327121,0.6043246785121829,1553128.0833333333,776564.0416666666,1359490.2,193637.88333333333,582926.1583333333
8143277528976008501,3,7.5468399999999995,2.515613333333333,1.6193217350033382,0.6437085197261391,601992.0833333334,300996.0416666666,400125.0333333333,201867.05,99128.99166666667
6342722838253365881,3,3.3204949999999998,1.1068316666666667,0.41793179905684236,0.37759291827589775,1137972.0,568986.0,922631.4666666667,215340.53333333333,353645.4666666667
6667175329739656209,3,1.9545979999999998,0.6515326666666666,0.6719265136329187,1.0313013422190938,3880076.6666666665,1940038.3333333335,3853372.1,26704.566666666666,1913333.7666666666
9207244863164318988,3,2.5119049999999996,0.8373016666666665,0.8827268251580188,1.0542518429136678,1313021.2,656510.6,1157055.8833333333,155965.31666666668,500545.2833333333
4879739991103177070,3,3.350063,1.1166876666666667,0.46817762955694026,0.41925566434745276,828061.6833333333,414030.8416666667,754729.1166666667,73332.56666666667,340698.275
-8947898440972802104,3,2.3389670000000002,0.7796556666666667,0.7437051219160873,0.9538892022624781,858515.9166666666,429257.9583333333,630306.6666666666,228209.25,201048.7083333333
938472666805151623,3,2.251154,0.7503846666666667,0.794270036534315,1.0584838307832094,2751561.5833333335,1375780.7916666665,1436901.4333333333,1314660.15,61120.64166666672
-858678002593387319,3,2.5948290000000003,0.8649430000000001,0.6036170680892536,0.6978691868588491,1987311.9333333333,993655.9666666667,1876056.3333333333,111255.6,882400.3666666667
-8564705969259062882,3,4.567992,1.522664,0.9464946088133132,0.6216043781249923,3686065.1166666667,1843032.5583333336,2605619.5833333335,1080445.5333333334,762587.025
5324781245887045709,3,2.84306,0.9476866666666667,0.5125480188563366,0.5408412262031086,2149430.9833333334,1074715.4916666667,1299095.5333333334,850335.45,224380.04166666674
-102410616540496151,3,0.7393810000000001,0.24646033333333336,0.10807775711444463,0.438519885341027,2831939.55,1415969.775,1992447.3166666667,839492.2333333333,576477.5416666667
-2263382395333226937,3,3.327445,1.1091483333333334,0.4917786722238188,0.4433840429132432,3770577.1,1885288.5499999998,2355944.15,1414632.95,470655.6
1559005390158254980,3,1.821473,0.6071576666666666,0.12344800410519219,0.20332116496680247,1909926.1166666667,954963.0583333333,1878187.3666666667,31738.75,923224.3083333333
-4996128088964971078,3,1.087337,0.36244566666666667,0.22754423092420706,0.6278023214262195,3633915.3333333335,1816957.6666666667,2680995.35,952919.9833333333,864037.6833333333
6453525272846008483,3,1.418278,0.4727593333333333,0.03459949425770396,0.07318627432217935,1516455.4,758227.7,1461967.8166666667,54487.583333333336,703740.1166666666
3806925829294231546,3,5.8262719999999995,1.9420906666666664,1.6163399735332773,0.8322680301571627,1723370.6333333333,861685.3166666668,1676283.7833333334,47086.85,814598.4666666668
-3244736013157994143,3,2.8730529999999996,0.9576843333333332,0.6621862718129662,0.6914452380234193,2529230.9166666665,1264615.4583333335,2005943.6,523287.31666666665,741328.1416666667
-1780261892009970347,3,4.62684,1.5422799999999999,0.7527275992579697,0.4880615706992049,1883316.7833333334,941658.3916666666,1239344.55,643972.2333333333,297686.1583333334
7022720313490823900,3,2.319912,0.773304,0.7603948903699095,0.9833065526234307,910003.05,455001.525,741008.8333333334,168994.21666666667,286007.30833333335
-6598817982274200210,3,3.111535,1.0371783333333333,0.7776744628516199,0.7497982148858553,910231.9,455115.94999999995,892999.7,17232.2,437883.74999999994
-7418905688396916021,3,1.859302,0.6197673333333333,0.2045424359708491,0.3300310051366305,2852358.45,1426179.2249999999,2458241.6666666665,394116.7833333333,1032062.4416666665
9010298937847376562,3,3.757716,1.252572,0.48132144244984554,0.38426648723574014,627778.8333333334,313889.4166666666,495805.0833333333,131973.75,181915.66666666666
-8563334234331891325,3,4.02247,1.3408233333333335,0.5203967306855629,0.3881172990865534,3692290.9833333334,1846145.4916666667,2426928.2666666666,1265362.7166666666,580782.775
7958557831994217156,3,3.496911,1.165637,1.302185041114357,1.1171445665454656,2142920.433333333,1071460.2166666668,1734113.7833333334,408806.65,662653.5666666668
7234695793673613073,3,4.666559,1.5555196666666669,1.042985848105439,0.6705063718933623,401318.3333333333,200659.16666666666,285446.86666666664,115871.46666666666,84787.7
5969773462080564693,3,4.253871999999999,1.417957333333333,1.1110702731979747,0.7835710194368624,1312447.6,656223.8,1035142.0333333333,277305.56666666665,378918.23333333334
-8177638661887473405,3,7.4216180000000005,2.473872666666667,1.24111901468321,0.501690742375804,941671.6166666667,470835.80833333335,932326.0833333334,9345.533333333333,461490.275
8905686683813537907,3,1.242646,0.4142153333333333,0.29412008207570967,0.7100656552446385,2813964.066666667,1406982.0333333332,1497858.9666666666,1316105.1,90876.93333333323
8685504789552185993,3,4.270057,1.4233523333333336,0.5341415547426439,0.3752700875486982,2943957.4,1471978.7000000002,2706364.45,237592.95,1234385.75
-2585709772675132443,3,1.2786220000000001,0.4262073333333334,0.446720107302349,1.048128627465386,3114501.2333333334,1557250.6166666667,2968486.2333333334,146015.0,1411235.6166666667
2087982621203832594,3,3.389868,1.129956,0.4398789448503607,0.38928856066108836,2402366.816666667,1201183.4083333334,2213294.4833333334,189072.33333333334,1012111.075
-9121284014542032197,3,2.655995,0.8853316666666666,0.3846806134880669,0.43450452296190345,2918073.8666666667,1459036.9333333333,2233851.8833333333,684221.9833333333,774814.95
8814954622771808169,3,2.017373,0.6724576666666667,0.3524135450237721,0.5240680008463067,3909969.816666667,1954984.9083333332,3288115.5,621854.3166666667,1333130.5916666666
3893738834604834473,3,3.1694359999999997,1.0564786666666666,1.1109603252649884,1.0515691043437905,4362737.083333333,2181368.5416666665,2392815.8,1969921.2833333334,211447.2583333332
3169876796284230390,3,6.074819000000001,2.024939666666667,0.6344542614595808,0.3133200815330864,2205851.1166666667,1102925.5583333333,1840084.2833333334,365766.8333333333,737158.7250000001
-3392528646423927673,3,3.2638679999999995,1.087956,0.8141302735447196,0.7483117640278831,4373126.9,2186563.45,4287539.516666667,85587.38333333333,2100976.0666666664
5017185066071795055,3,2.260632,0.7535440000000001,0.5226856418976898,0.6936365254022191,1386577.7,693288.85,1251057.6333333333,135520.06666666668,557768.7833333333
-966404329436155273,3,0.8358140000000001,0.27860466666666667,0.19062140592342253,0.6842003337707523,3000564.3,1500282.1500000001,2361392.066666667,639172.2333333333,861109.9166666667
-5688993954063595785,3,2.357463,0.785821,0.815718942808122,1.0380467597686012,2743861.8833333333,1371930.9416666667,2184299.783333333,559562.1,812368.8416666667
-6669649876955261628,3,5.885313999999999,1.961771333333333,1.190850608731516,0.6070282445753189,2991708.0166666666,1495854.0083333333,2651385.1,340322.9166666667,1155531.0916666666
-6987409042608587899,3,4.500732,1.5002440000000001,1.4844964938202672,0.9895033699986583,3196137.2333333334,1598068.6166666667,2477348.5166666666,718788.7166666667,879279.9
3143928655529784349,3,1.063912,0.3546373333333333,0.3274336862249956,0.923291643176303,859551.6,429775.8,799589.8166666667,59961.78333333333,369814.01666666666
-1856556375662084295,3,3.6602629999999996,1.2200876666666665,1.0655493093093138,0.8733383169263907,1971126.9833333334,985563.4916666667,1517873.8833333333,453253.1,532310.3916666667
-3964537610236382584,3,6.384933,2.128311,1.3228876708521653,0.6215669001626949,4346426.366666666,2173213.1833333336,3995751.3666666667,350675.0,1822538.1833333333
-4777196642119700919,3,0.7797080000000001,0.25990266666666667,0.14528339552138167,0.5589915539716728,3135489.5166666666,1567744.7583333333,2239366.466666667,896123.05,671621.7083333334
-6921994100938298004,3,0.42375,0.14125000000000001,0.07216086248098758,0.5108733626972571,2470581.3833333333,1235290.6916666667,2226173.4,244407.98333333334,990882.7083333333
-3343207760205956264,3,0.874891,0.2916303333333333,0.1431666812502903,0.49091834725796807,939732.75,469866.375,628686.4833333333,311046.26666666666,158820.1083333333
-798551145758513294,3,8.959121,2.9863736666666667,1.3628081036803712,0.4563421245277426,1281535.5166666666,640767.7583333333,1025383.2,256152.31666666668,384615.44166666665
5598594406450806205,3,6.928527,2.309509,1.8679159820484432,0.8087935496455928,2774045.0166666666,1387022.5083333333,2277566.1,496478.9166666667,890543.5916666667
7563426233950238018,3,5.584612,1.8615373333333334,1.644547092253737,0.8834349238158732,1328286.15,664143.075,676439.7833333333,651846.3666666667,12296.708333333314
7574863693984227753,3,0.345856,0.11528533333333334,0.05178605959350665,0.4491990272845344,2420184.4166666665,1210092.2083333335,1661362.2333333334,758822.1833333333,451270.025
-2342579610782306047,3,3.9377709999999997,1.3125903333333333,0.7002738516810564,0.5335052635217155,2818805.183333333,1409402.5916666668,2624150.1,194655.08333333334,1214747.5083333335
-705702340470370775,3,3.031113,1.010371,0.715564934426406,0.7082199849623614,3561982.533333333,1780991.2666666666,3125576.716666667,436405.81666666665,1344585.45
8330854738060085564,3,4.008979,1.3363263333333333,1.020970915937809,0.7640131683936053,4875964.633333334,2437982.3166666664,4343440.55,532524.0833333334,1905458.2333333332
-5208898529206246719,3,3.6315130000000004,1.2105043333333334,0.5639007847451732,0.465839542426399,733335.9333333333,366667.9666666667,462339.06666666665,270996.86666666664,95671.1
7044823378622858616,3,3.4516169999999997,1.150539,0.7227165900143706,0.6281547952867053,3500104.8666666667,1750052.4333333333,2159090.6,1341014.2666666666,409038.16666666674
-4704563026643899043,3,4.310642,1.4368806666666665,0.9327565547095101,0.6491538068177619,2192945.0166666666,1096472.5083333333,2117873.716666667,75071.3,1021401.2083333334
-4942848932760274366,3,2.99002,0.9966733333333333,0.7435571478876984,0.7460389708641064,2791301.316666667,1395650.6583333332,2268985.5,522315.81666666665,873334.8416666667
722656128308605874,3,2.2028069999999995,0.7342689999999998,0.9246325716221911,1.2592559016139744,2136799.5833333335,1068399.7916666665,1473055.9,663743.6833333333,404656.1083333333
9084268192362342535,3,6.3932850000000006,2.131095,0.4762568151911319,0.22347986138165207,1559384.1666666667,779692.0833333333,850278.1833333333,709105.9833333333,70586.10000000003
-8111221062850426801,3,2.938087,0.9793623333333333,1.1570053621438214,1.1813864213113718,1535332.0833333333,767666.0416666666,1502952.6333333333,32379.45,735286.5916666667
930090840764878104,3,2.490718,0.8302393333333334,0.2401491581626349,0.2892529280664871,2025055.75,1012527.875,1100069.1666666667,924986.5833333334,87541.29166666669
2366999436034352426,3,2.44462,0.8148733333333333,0.8232969730752622,1.0103373609091746,2605395.966666667,1302697.9833333334,1784145.55,821250.4166666666,481447.5666666667
-8562511422184996043,3,1.93697,0.6456566666666667,0.09858815055347958,0.15269438951581013,3217806.2,1608903.1,1721004.7166666666,1496801.4833333334,112101.61666666658
8475886696590532808,3,2.308991,0.7696636666666666,0.5397033646058629,0.7012197508858149,4707374.133333334,2353687.066666667,4380426.45,326947.68333333335,2026739.3833333335
346195673109388257,3,2.153893,0.7179643333333333,0.15331620252783318,0.21354292324804414,4627591.716666667,2313795.8583333334,3082709.5166666666,1544882.2,768913.6583333333
6146052044002079965,3,0.973441,0.3244803333333333,0.1401063810213114,0.4317869732874763,2762237.183333333,1381118.5916666666,2636976.25,125260.93333333333,1255857.6583333334
-7320414331178264951,3,3.842196,1.280732,0.8768353977301935,0.6846361281909045,3998388.3666666667,1999194.1833333333,3438292.2333333334,560096.1333333333,1439098.05
1976099800659128869,3,5.564061,1.854687,0.6925802686880416,0.3734216440229762,1587562.1833333333,793781.0916666666,1056345.2666666666,531216.9166666666,262564.175
4042338027060781391,3,1.075603,0.35853433333333334,0.2856791974707916,0.7967973243030885,2660612.433333333,1330306.2166666668,2055502.05,605110.3833333333,725195.8333333334
7411046608306320059,3,2.337487,0.7791623333333333,0.4627716002819918,0.5939347687691848,1678576.35,839288.1749999999,1637686.0166666666,40890.333333333336,798397.8416666667
3098944254482725123,3,2.5193010000000005,0.8397670000000002,0.5764282631001595,0.6864145210518625,2862563.533333333,1431281.7666666666,2083674.0,778889.5333333333,652392.2333333333
1763829085535628064,3,3.592099,1.1973663333333333,1.156792302898071,0.96611393747617,3529850.1666666665,1764925.0833333333,3009470.183333333,520379.98333333334,1244545.0999999999
-5078016061955579831,3,1.0505579999999999,0.35018599999999994,0.12289274226196871,0.3509356235314054,3528142.2,1764071.1,3279011.566666667,249130.63333333333,1514940.4666666668
-4116419817586368130,3,1.805337,0.601779,0.6148861025718503,1.0217805914992886,2999939.45,1499969.725,1741088.1833333333,1258851.2666666666,241118.45833333337
-493719836465541258,3,4.368271,1.4560903333333333,0.09788624360393491,0.06722539210864087,2189422.5166666666,1094711.2583333333,1959169.4833333334,230253.03333333333,864458.225
675528984199825683,3,2.3097849999999998,0.7699283333333332,0.6218775931849897,0.807708414226852,1301872.4,650936.2,723545.65,578326.75,72609.45000000001
-1227164208291266592,3,2.269561,0.7565203333333334,0.5448527797025133,0.7202090356273922,2047241.6333333333,1023620.8166666667,1807748.1833333333,239493.45,784127.3666666667
6781382117011382145,3,2.448761,0.8162536666666668,0.5112884699347544,0.6263842856874408,880430.6833333333,440215.3416666667,861426.1333333333,19004.55,421210.7916666666
-554600632917623954,3,5.246816,1.7489386666666666,0.7234053617303526,0.4136253463416781,1647939.4333333333,823969.7166666667,1268625.2666666666,379314.1666666667,444655.54999999993
-7289777930955655393,3,3.030851,1.0102836666666668,0.5915224623344597,0.585501361499915,2227260.0,1113630.0,2045914.0,181346.0,932284.0
-668450939565597190,3,1.8953179999999998,0.6317726666666666,0.34668149059363157,0.5487440481127149,2487496.85,1243748.425,1469360.1666666667,1018136.6833333333,225611.7416666667
395647145659808473,3,8.760369,2.9201230000000002,1.8951996416406023,0.6490136345765579,2806248.4166666665,1403124.2083333335,2744781.566666667,61466.85,1341657.3583333334
-6813641647172926384,3,0.9210529999999999,0.30701766666666663,0.18531743237363166,0.603605109717785,4044367.0833333335,2022183.5416666667,3149880.8333333335,894486.25,1127697.2916666667
2153200272246180237,3,4.660221,1.553407,1.2483508313066485,0.803621221808997,641045.4166666666,320522.7083333334,427822.68333333335,213222.73333333334,107299.975
233520798412178859,3,5.522318,1.8407726666666668,1.024607148672548,0.5566179720214671,1291986.25,645993.125,1258926.5333333334,33059.71666666667,612933.4083333334
-5404114049006643331,3,3.507834,1.169278,1.4342336192636123,1.2265976262818699,2874658.3666666667,1437329.1833333333,1442989.1166666667,1431669.25,5659.933333333349
5569364516211019298,3,5.870844,1.956948,0.8984258318084286,0.4590954035612743,2828207.033333333,1414103.5166666666,1441964.9,1386242.1333333333,27861.383333333302
-6972366926940406772,3,1.534992,0.511664,0.34573788003148664,0.6757127334178028,3051614.533333333,1525807.2666666666,2657850.183333333,393764.35,1132042.9166666665
1009106629106614540,3,2.417851,0.8059503333333334,0.6123689035052501,0.7598097279426027,1144642.3,572321.1499999999,1143431.4,1210.9,571110.25
-6042795309929623723,3,2.389297,0.7964323333333333,0.5512166448335496,0.6921073162945623,2296074.6333333333,1148037.3166666667,2102847.3833333333,193227.25,954810.0666666667
1027261347069265924,3,2.9354,0.9784666666666667,0.5850700261064672,0.5979457921644074,3043717.716666667,1521858.8583333332,2888948.033333333,154769.68333333332,1367089.1749999998
-6337864405286269723,3,2.069981,0.6899936666666666,0.423923046755999,0.614386866482348,3321692.466666667,1660846.2333333334,2453374.2666666666,868318.2,792528.0333333333
4018030874789297564,3,0.647676,0.215892,0.22692442091586354,1.0511015735454001,4332881.683333334,2166440.841666667,2661253.283333333,1671628.4,494812.44166666665
3615925960744850405,3,2.699372,0.8997906666666666,0.8135146710356379,0.9041154806032343,2591930.3,1295965.1500000001,2171571.85,420358.45,875606.7000000001
5008347432339629763,3,3.6989159999999996,1.232972,0.517697585219402,0.4198778116773147,1849578.5333333334,924789.2666666667,1472873.55,376704.98333333334,548084.2833333334
4418854661043439419,3,2.452667,0.8175556666666667,0.5896499842009854,0.721235272706387,1436180.7,718090.3500000001,1069005.4166666667,367175.2833333333,350915.0666666667
3633166712900642162,3,0.942045,0.314015,0.14727692875894263,0.4690123999138342,2230323.466666667,1115161.7333333334,1462874.7333333334,767448.7333333333,347713.00000000006
8817254416519605541,3,2.482428,0.827476,0.46578084508990564,0.5628934797986959,3153476.066666667,1576738.0333333332,2782820.9,370655.1666666667,1206082.8666666667
-7285231672462051508,3,7.0947499999999994,2.3649166666666663,2.6319712668416844,1.1129234716551046,4470100.816666666,2235050.408333333,4434034.966666667,36065.85,2198984.5583333336
7096386399296521345,3,1.429114,0.4763713333333333,0.3055334185849761,0.64137658420177,4359636.316666666,2179818.158333333,3987696.0833333335,371940.23333333334,1807877.925
1190609224998606929,3,2.7124420000000002,0.9041473333333334,0.2890412585708522,0.3196838036398775,1528671.6166666667,764335.8083333333,977846.8333333334,550824.7833333333,213511.02500000002
7901696081037567788,3,3.2236779999999996,1.0745593333333332,0.5564848211253285,0.517872586336472,1914278.45,957139.2250000001,1604781.4833333334,309496.9666666667,647642.2583333333
-2451799740842336510,3,2.131577,0.7105256666666667,0.2297653606273631,0.32337376594047,1191263.7333333334,595631.8666666667,970910.95,220352.78333333333,375279.0833333334
8960137111212682553,3,2.113114,0.7043713333333333,0.5927236135166392,0.841493095284929,1870272.8333333333,935136.4166666666,1642101.7666666666,228171.06666666668,706965.35
-9093821967765603712,3,4.1190679999999995,1.3730226666666665,0.5713194547129964,0.4161034399381096,2545007.283333333,1272503.6416666666,2330011.783333333,214995.5,1057508.1416666666
1782217686914147813,3,3.869507,1.2898356666666666,0.5098802706259142,0.39530638189251055,4036760.15,2018380.0750000002,2703220.316666667,1333539.8333333333,684840.2416666668
5586009424025211206,3,2.7150619999999996,0.9050206666666666,0.9159870493605365,1.012117273226766,3150715.183333333,1575357.5916666668,2674031.3666666667,476683.81666666665,1098673.7750000001
-7463460729155298641,3,5.954008,1.9846693333333334,1.1156079978709168,0.562112780770995,1951881.6166666667,975940.8083333333,1408000.9166666667,543880.7,432060.1083333334
-8741217852359522623,3,2.6925990000000004,0.8975330000000001,0.3816781169764212,0.42525246088602997,2342946.683333333,1171473.3416666668,2046202.05,296744.63333333336,874728.7083333334
-3807805830340169800,3,1.451907,0.48396900000000004,0.03419913402412408,0.07066389381163685,1025501.0166666667,512750.5083333333,753607.1666666666,271893.85,240856.65833333333
-697362998303965709,3,4.999103,1.6663676666666667,0.5619554252888352,0.3372337549089318,1018402.7,509201.35,926827.8833333333,91574.81666666667,417626.5333333333
-8940211221259771178,3,4.283519,1.4278396666666666,0.8973404627655114,0.6284602422205982,1316056.6666666667,658028.3333333334,846171.1833333333,469885.48333333334,188142.85
-6816275402041722388,3,4.424694,1.4748979999999998,1.501467625218295,1.018014550984743,1018273.3333333334,509136.6666666667,656643.2666666667,361630.06666666665,147506.60000000003
3036717504913492589,3,2.033708,0.6779026666666667,0.2881230683722187,0.42502129367473407,3289220.7,1644610.35,1853744.4333333333,1435476.2666666666,209134.08333333337
7016416625589846191,3,3.004665,1.001555,0.5156007781808196,0.5148002637706562,4683229.033333333,2341614.5166666666,2946305.65,1736923.3833333333,604691.1333333333
6451768443209010927,3,5.4851730000000005,1.828391,1.1922037979867368,0.6520507910981496,2025495.6333333333,1012747.8166666667,1561100.25,464395.38333333336,548352.4333333333
9221394673465256030,3,2.9417869999999997,0.9805956666666665,0.6019170047752062,0.6138279264697337,2947730.0,1473865.0,1878880.55,1068849.45,405015.55000000005
-3943163407649995626,3,1.700362,0.5667873333333333,0.6494965984485386,1.145926452923328,1650121.5833333333,825060.7916666666,1248984.75,401136.8333333333,423923.9583333333
9064894098607959827,3,8.919017,2.973005666666667,1.9103865716099337,0.6425775076815977,1388608.45,694304.225,1341419.15,47189.3,647114.9249999999
4648960239272943642,3,1.344344,0.44811466666666666,0.4527592406377687,1.0103646997444895,2017888.75,1008944.375,1455457.2,562431.55,446512.82499999995
-1720315365916744835,3,7.793076,2.597692,2.4889838838073395,0.9581520379657555,2791036.8333333335,1395518.4166666667,1834424.3,956612.5333333333,438905.88333333336
-8591844595823776833,3,1.453033,0.4843443333333333,0.4436987936587413,0.9160813147232196,2437466.466666667,1218733.2333333334,1293462.2833333334,1144004.1833333333,74729.05000000005
4799165927284862249,3,0.792004,0.26400133333333337,0.2601289187259955,0.9853318369326245,1558179.05,779089.525,1088054.1833333333,470124.86666666664,308964.6583333334
-3299816580196143697,3,3.3178889999999996,1.1059629999999998,0.3446832631339483,0.3116589462160564,3326155.283333333,1663077.6416666666,1897876.8,1428278.4833333334,234799.15833333333
-2711125112975756188,3,0.8506360000000001,0.28354533333333337,0.08178905172182617,0.2884514118441713,2010953.1333333333,1005476.5666666667,1924859.2,86093.93333333333,919382.6333333333
8706260076770034156,3,2.6851599999999998,0.8950533333333333,0.7947141675417366,0.88789588055282,2568169.8,1284084.9000000001,2419370.8333333335,148798.96666666667,1135285.9333333336
-709649573628353252,3,4.463106,1.4877019999999999,0.7960171548218459,0.5350649221563498,1335337.3,667668.65,820661.4666666667,514675.8333333333,152992.81666666668
5458674646920743737,3,0.9869479999999999,0.32898266666666665,0.15112420558894227,0.45936829171022875,2891139.0166666666,1445569.5083333333,1668622.1333333333,1222516.8833333333,223052.625
-8357457153879735353,3,1.955953,0.6519843333333334,0.18112764909925327,0.27780981817955736,499432.01666666666,249716.00833333333,426804.56666666665,72627.45,177088.55833333335
1502075272920664205,3,1.256986,0.41899533333333333,0.18979696487621248,0.45298109495940087,750069.1666666666,375034.5833333333,544261.6,205807.56666666668,169227.01666666663
1166552200480568202,3,7.642614999999999,2.5475383333333332,0.593063546083854,0.23279867404698026,2638723.816666667,1319361.9083333334,2466861.4833333334,171862.33333333334,1147499.575
-544015097406829897,3,5.751034000000001,1.9170113333333336,1.116027855478328,0.5821707133769307,4001402.2666666666,2000701.1333333333,2781573.2,1219829.0666666667,780872.0666666668
550468763780879874,3,4.466598,1.488866,1.0164326150650618,0.6826891171301257,3144945.6333333333,1572472.8166666667,1920277.1833333333,1224668.45,347804.3666666667
-8614243447542399925,3,3.514376,1.1714586666666666,1.0556839991857834,0.9011705058187713,1576154.45,788077.225,1186189.0833333333,389965.36666666664,398111.85833333334
6287409147158994597,3,2.8158950000000003,0.9386316666666668,0.5524636010310744,0.5885840214543593,3868969.4833333334,1934484.7416666667,3477302.1666666665,391667.31666666665,1542817.4249999998
5818838602253776607,3,6.42272,2.1409066666666665,2.8041027709773565,1.3097734780485635,3011436.1333333333,1505718.0666666667,1995316.3166666667,1016119.8166666667,489598.25
-4026916643104925552,3,4.852912999999999,1.6176376666666663,1.0562907828189272,0.6529835479137546,2324934.066666667,1162467.0333333334,2162176.45,162757.61666666667,999709.4166666667
5156059847884363215,3,2.33122,0.7770733333333334,0.24881129046506087,0.32019023146471914,865908.15,432954.075,595852.25,270055.9,162898.175
-7786852064248525728,3,2.848896,0.9496319999999999,0.4737548421564329,0.49888255888221217,4329399.1,2164699.55,3530663.1333333333,798735.9666666667,1365963.5833333333
-1387394881046097613,3,2.649431,0.8831436666666667,0.44645560155841796,0.5055299815980314,3176493.6166666667,1588246.8083333333,3080516.4,95977.21666666666,1492269.5916666666
232422300213489074,3,4.188216,1.396072,0.45276365258782275,0.32431253731026966,1688107.6833333333,844053.8416666667,1587812.05,100295.63333333333,743758.2083333334
-2455918650778052167,3,7.541457,2.5138190000000002,1.3223202284547668,0.5260204606834329,1132693.5833333333,566346.7916666666,1036056.25,96637.33333333333,469709.4583333333
-5885152487398714081,3,6.154502,2.0515006666666666,2.2561891633188815,1.0997750085964135,2530861.9833333334,1265430.9916666667,1710019.2,820842.7833333333,444588.2083333333
-1536284233437097412,3,2.053247,0.6844156666666666,0.6094108456169414,0.8904104264371623,294848.0,147424.0,205727.26666666666,89120.73333333334,58303.26666666666
4288929700491353335,3,2.035037,0.6783456666666666,0.2800547950007085,0.4128496852893218,4861261.216666667,2430630.608333333,4730944.1,130317.11666666667,2300313.491666666
6548311760748067449,3,3.329073,1.109691,0.4549461329893903,0.40997550938900135,4239999.816666666,2119999.908333333,2497505.8833333333,1742493.9333333333,377505.975
3941817470055354430,3,3.3201599999999996,1.10672,0.7312016480579531,0.6606925401709133,4009092.6333333333,2004546.3166666667,3525602.5,483490.13333333336,1521056.1833333333
-2088576360684619644,3,1.003864,0.3346213333333334,0.10424270252742981,0.31152437738806193,1682965.4,841482.7,1118928.2166666666,564037.1833333333,277445.5166666666
5754196217955474386,3,5.934232000000001,1.9780773333333335,2.4524179750672377,1.2397988358395344,2794544.55,1397272.275,1505609.6166666667,1288934.9333333333,108337.34166666667
2446102301749188322,3,1.2198440000000002,0.40661466666666674,0.3947548290355533,0.9708327352568523,2324393.2333333334,1162196.6166666667,1466538.95,857854.2833333333,304342.3333333333
4850961575634130789,3,2.490964,0.8303213333333334,0.7937349053936221,0.9559370252564334,2656711.316666667,1328355.6583333332,1580097.9,1076613.4166666667,251742.24166666658
1912503951165506303,3,2.250852,0.7502840000000001,0.24885020934021063,0.3316746849729044,1676660.2833333334,838330.1416666667,1530535.6,146124.68333333332,692205.4583333334
6821579323591610465,3,1.964482,0.6548273333333333,0.08227468853514765,0.12564333274901116,3475740.533333333,1737870.2666666666,1945277.4333333333,1530463.1,207407.16666666663
3768286972447923194,3,1.135303,0.3784343333333333,0.18090242413030905,0.4780285724524001,3517962.05,1758981.0250000001,3081135.316666667,436826.73333333334,1322154.2916666667
4952567648573539530,3,5.828241,1.942747,1.373469529865394,0.7069729253811197,2193586.533333333,1096793.2666666666,1493418.3,700168.2333333333,396625.03333333344
-2942771509425782347,3,2.2318010000000004,0.7439336666666668,0.959912583531901,1.2903201273750224,4155553.6166666667,2077776.8083333333,3304307.033333333,851246.5833333334,1226530.2249999999
-6301555615498771330,3,4.3756949999999994,1.458565,1.486926282097625,1.0194446473743886,2585793.716666667,1292896.8583333334,1749732.85,836060.8666666667,456835.9916666667
-193897009707775140,3,2.7461979999999997,0.9153993333333332,0.5093421050900421,0.5564152021340509,2022072.6333333333,1011036.3166666667,1790062.2666666666,232010.36666666667,779025.95
5556923682743452273,3,2.747008,0.9156693333333333,0.29531572285079727,0.32251350143588653,1892845.95,946422.9750000001,1070101.55,822744.4,123678.57500000001
-343345920283506496,3,1.9909360000000003,0.6636453333333334,0.43878216101716,0.6611696624358994,3434570.816666667,1717285.4083333332,2153852.7333333334,1280718.0833333333,436567.32500000007
-3368630452721706573,3,3.0868900000000004,1.0289633333333335,0.32795683683612326,0.3187254843899101,3869724.033333333,1934862.0166666666,2008970.55,1860753.4833333334,74108.53333333333
4779422323092842859,3,1.433779,0.4779263333333333,0.23973504057095107,0.501615047865015,2981163.2,1490581.6,2762901.2333333334,218261.96666666667,1272319.6333333333
962485388292278438,3,1.403526,0.46784200000000004,0.09482386316042324,0.202683519565202,4523853.25,2261926.625,3833843.6166666667,690009.6333333333,1571916.9916666667
6426667016419610047,3,3.538304,1.1794346666666666,0.7346611227073034,0.6228925971657354,2255875.933333333,1127937.9666666666,2251343.25,4532.683333333333,1123405.2833333332
2506713804596101649,3,1.506627,0.502209,0.29934111717904704,0.5960488903604815,2139460.066666667,1069730.0333333332,1330828.3833333333,808631.6833333333,261098.34999999998
1046814046080358007,3,2.640546,0.880182,0.7556662807911086,0.858534122250976,2089897.7666666666,1044948.8833333334,1734090.85,355806.9166666667,689141.9666666667
-867507046451231174,3,1.6200869999999998,0.540029,0.3741080732444392,0.6927555246930057,1998620.8166666667,999310.4083333333,1684359.6333333333,314261.18333333335,685049.225
7914855007971620225,3,4.703315,1.5677716666666666,1.2880941551776752,0.8216082625835237,3460323.7,1730161.85,1983191.7333333334,1477131.9666666666,253029.88333333342
6011307676197359213,3,3.650554,1.2168513333333333,0.8647185043216216,0.7106196793595889,1176511.9666666666,588255.9833333333,1105041.7666666666,71470.2,516785.78333333327
7116239150272047872,3,1.3874330000000001,0.46247766666666673,0.5864590296723396,1.2680807570650394,4191175.9833333334,2095587.9916666667,3522126.5833333335,669049.4,1426538.5916666668
-6419919968725522515,3,4.230487999999999,1.4101626666666665,1.0024522402104197,0.7108770242655834,4733525.15,2366762.575,4689180.65,44344.5,2322418.075
2255213201600567163,3,2.363386,0.7877953333333334,0.6130060990633689,0.7781286244354949,4175237.05,2087618.525,3601999.35,573237.7,1514380.825
3569786887964222181,3,1.5620910000000001,0.5206970000000001,0.4349438279962138,0.8353108007079236,2274776.2,1137388.1,1293089.85,981686.35,155701.75000000006
1179658466633040427,3,3.423621,1.1412069999999999,0.7624590894603241,0.66811637981569,3106194.1,1553097.05,1562649.25,1543544.85,9552.199999999953
-9002147974351944360,3,1.7461989999999998,0.5820663333333332,0.283215960911261,0.4865699056830196,3012420.066666667,1506210.0333333334,2204144.2,808275.8666666667,697934.1666666667
-7751448393975530007,3,4.040018,1.3466726666666666,0.4421968016900268,0.3283624986497784,414082.9,207041.45,359242.51666666666,54840.38333333333,152201.06666666668
-4129114899835215793,3,1.6101189999999999,0.5367063333333333,0.46960675426313403,0.8749789691255132,2778159.0833333335,1389079.5416666667,2505312.3333333335,272846.75,1116232.7916666667
2816062004438780004,3,4.1449940000000005,1.3816646666666668,0.3080069214940181,0.22292451194912566,3402196.9833333334,1701098.4916666667,2391317.8666666667,1010879.1166666667,690219.375
4799835649789909450,3,2.528231,0.8427436666666667,0.6165068448829709,0.7315472892504336,2855025.3666666667,1427512.6833333333,1828609.2666666666,1026416.1,401096.5833333333
-8797021277322179314,3,3.064986,1.021662,0.6937784844069467,0.6790685025056689,4283219.483333333,2141609.7416666667,3131930.3666666667,1151289.1166666667,990320.625
2789091515973450817,3,3.42718,1.1423933333333334,0.7021754628839021,0.6146529766897876,1937195.4833333334,968597.7416666667,1236307.1333333333,700888.35,267709.39166666666
1418783410436980968,3,1.112095,0.37069833333333335,0.3753145929850791,1.0124528740397511,1216246.3333333333,608123.1666666667,783757.9,432488.43333333335,175634.73333333334
-6252240203121873334,3,3.452609,1.1508696666666667,0.4527261396682203,0.3933774195122184,1454228.1,727114.05,1172000.3166666667,282227.7833333333,444886.26666666666
3610679208226565747,3,4.253483,1.4178276666666667,1.460489678373737,1.0300897018093669,2224818.033333333,1112409.0166666666,1805185.7,419632.3333333333,692776.6833333333
-3849336703287854831,3,8.344399000000001,2.781466333333334,1.1048744908891488,0.39722734647126123,4493726.233333333,2246863.1166666667,2396387.2666666666,2097338.966666667,149524.1499999999
5033666138616213273,3,5.423247,1.807749,1.3463202391437188,0.7447495416364323,1360322.7833333334,680161.3916666666,884492.5666666667,475830.2166666667,204331.175
-3250562929641260988,3,4.284708,1.428236,1.4781784294220597,1.0349679110609589,1637888.2333333334,818944.1166666667,1482061.8,155826.43333333332,663117.6833333333
-4627883240995443110,3,1.21235,0.4041166666666667,0.2449813649801869,0.6062144553475157,340232.45,170116.225,256936.16666666666,83296.28333333334,86819.94166666665
-776332608097537956,3,2.322076,0.7740253333333333,0.08981354793620443,0.11603437777601305,2344090.4833333334,1172045.2416666667,1890500.9833333334,453589.5,718455.7416666667
2275688355888629547,3,1.822051,0.6073503333333333,0.16568566557658373,0.2728008144282192,3699267.05,1849633.525,2826701.183333333,872565.8666666667,977067.6583333332
5354242451584248846,3,5.28547,1.7618233333333333,0.6061837157717854,0.344066118493787,2567747.4,1283873.7000000002,1447226.7833333334,1120520.6166666667,163353.08333333337
3145649024339179662,3,6.628841,2.209613666666667,1.9954028076182737,0.9030550623939873,1844349.0166666666,922174.5083333333,1417209.3166666667,427139.7,495034.80833333335
-5001834245554478825,3,0.73475,0.24491666666666667,0.2751762756541503,1.1235506321367144,2108091.75,1054045.875,1198809.1,909282.65,144763.22500000003
-8329200416485527556,3,1.525264,0.5084213333333333,0.19170109783955044,0.3770516405806807,2023316.75,1011658.375,1365700.3833333333,657616.3666666667,354042.0083333333
-7819755321319455452,3,1.3576190000000001,0.45253966666666673,0.2886053524917528,0.6377459784190249,641058.8666666667,320529.43333333335,421133.65,219925.21666666667,100604.21666666667
2880555352089087993,3,4.789467999999999,1.5964893333333332,1.8329867501512993,1.1481359204099282,3351226.8,1675613.4000000001,2568198.066666667,783028.7333333333,892584.6666666669
-5087847796341974294,3,2.324769,0.7749229999999999,0.7562314777936714,0.9758795103431844,545811.7166666667,272905.85833333334,451413.01666666666,94398.7,178507.15833333333
-5687117531351728776,3,2.183501,0.7278336666666667,0.6116090562885921,0.8403143249605913,2059702.05,1029851.0249999999,1914545.9666666666,145156.08333333334,884694.9416666667
-951102321328697050,3,4.505248,1.5017493333333334,0.1438773763599483,0.09580651921489003,1764186.55,882093.2749999999,977116.7333333333,787069.8166666667,95023.45833333331
5956596418953395898,3,4.570473,1.523491,1.5607404854877913,1.024450085683336,954298.3,477149.15,841129.8166666667,113168.48333333334,363980.6666666667
-2218772962146613562,3,6.389473000000001,2.1298243333333335,2.065453560823923,0.9697764874304607,2179761.55,1089880.7750000001,1909916.5333333334,269845.01666666666,820035.7583333334
-2715950593079537119,3,3.363758,1.1212526666666667,0.508822395986611,0.4537981590708467,2034015.1166666667,1017007.5583333333,1475890.95,558124.1666666666,458883.39166666666
8511533511482774866,3,2.7892669999999997,0.9297556666666665,0.9236637309108885,0.9934478100277477,3944195.25,1972097.625,2772265.7333333334,1171929.5166666666,800168.1083333334
-9217994210537255771,3,1.27317,0.42439,0.3766873429596487,0.8875971228343003,3411247.8833333333,1705623.9416666667,2603513.3,807734.5833333334,897889.3583333333
-9014859472786849350,3,3.543301,1.1811003333333334,0.5756015833742024,0.4873435110713448,3051206.1333333333,1525603.0666666667,2489491.1,561715.0333333333,963888.0333333333
-8503579035976046514,3,2.8275639999999997,0.9425213333333332,0.4037825821374115,0.4284068358531353,2021107.6166666667,1010553.8083333333,1927944.6833333333,93162.93333333333,917390.875
-4964847695989333255,3,3.458438,1.1528126666666667,0.6542512223712098,0.5675260528347276,1158119.1333333333,579059.5666666667,606167.6666666666,551951.4666666667,27108.099999999977
-4641606920321267425,3,0.740415,0.24680500000000002,0.192371044853429,0.7794454928118515,2451329.8,1225664.9,1975611.4333333333,475718.36666666664,749946.5333333332
-2440010515860709801,3,7.2219809999999995,2.407327,2.123970300869106,0.882294055136301,2123160.8333333335,1061580.4166666665,2112566.3,10594.533333333333,1050985.883333333
1720149520132902609,3,4.40982,1.46994,1.559864031982275,1.0611753078236357,3050421.2,1525210.6,2575837.95,474583.25,1050627.35
4088618725357570127,3,3.568067,1.1893556666666667,0.8622855250609021,0.7250022421615698,729972.7666666667,364986.38333333336,454303.13333333336,275669.63333333336,89316.75
3435427132083892628,3,3.834722,1.2782406666666668,0.7460039342922767,0.5836177440963987,4598804.016666667,2299402.0083333333,2550976.4,2047827.6166666667,251574.3916666666
985124010101546515,3,1.1043100000000001,0.3681033333333334,0.40061495740534814,1.0883220039808064,2878946.066666667,1439473.0333333332,1499011.9,1379934.1666666667,59538.86666666658
-7316277949356436622,3,4.098884,1.3662946666666667,0.8585321086926349,0.6283652638322784,5057577.933333334,2528788.966666667,4707128.516666667,350449.4166666667,2178339.5500000003
-8786541878289499326,3,2.747291,0.9157636666666668,0.2592377629157364,0.2830836954466087,1107811.15,553905.575,824756.8333333334,283054.31666666665,270851.25833333336
-4980704789859276878,3,4.326342,1.4421140000000001,0.7830305565331833,0.542974103665302,2532270.433333333,1266135.2166666668,1444486.25,1087784.1833333333,178351.03333333333
6498652004758929448,3,1.345316,0.44843866666666665,0.1312310971691627,0.2926400128352656,1926392.9333333333,963196.4666666667,1103361.8166666667,823031.1166666667,140165.34999999998
8759932119192162053,3,1.877414,0.6258046666666667,0.3690191155340812,0.5896714025794223,2557981.1166666667,1278990.5583333333,1940438.8666666667,617542.25,661448.3083333333
-8895265365503644518,3,0.59956,0.19985333333333333,0.13932660598352667,0.6971442690482688,1946755.3333333333,973377.6666666666,1710590.4,236164.93333333332,737212.7333333333
-7718824496706655812,3,3.3503789999999998,1.116793,0.8004617273053513,0.7167503085221266,765162.5333333333,382581.26666666666,455932.6666666667,309229.86666666664,73351.40000000002
7836866585974074077,3,3.3128530000000005,1.1042843333333334,0.4406709155528899,0.3990556618898181,2713410.316666667,1356705.1583333332,1944761.6333333333,768648.6833333333,588056.475
3280776710002520177,3,2.220683,0.7402276666666667,0.5788092100288508,0.7819340401518596,3410680.683333333,1705340.3416666666,3403998.4166666665,6682.266666666666,1698658.075
-7724589260993146311,3,4.190968,1.3969893333333332,1.0386471832649535,0.7434897020914645,2048483.5,1024241.75,1254503.35,793980.15,230261.60000000003
-7352530169294969830,3,6.845155999999999,2.2817186666666665,1.0367103321835962,0.4543550207695469,2849515.9833333334,1424757.9916666667,1802419.2666666666,1047096.7166666667,377661.27499999997
-8261871625629755587,3,2.8320990000000004,0.9440330000000001,0.6996180185386881,0.7410948754319903,867642.0666666667,433821.0333333333,832508.75,35133.316666666666,398687.7166666667
8193318162330415646,3,3.025179,1.008393,0.781392133413606,0.7748884942811046,749357.2166666667,374678.60833333334,400023.3,349333.9166666667,25344.69166666665
-6984872741202687229,3,4.075702,1.3585673333333332,1.0888052394345933,0.8014363460095415,4345177.6,2172588.8,3112842.05,1232335.55,940253.2499999999
521900341812444193,3,2.6483999999999996,0.8827999999999999,0.26589482591932223,0.3011948639774833,1126198.55,563099.275,566126.9,560071.65,3027.625
-1474927194228680256,3,3.66553,1.2218433333333334,0.8978556643920497,0.734836979420752,2189529.9166666665,1094764.9583333335,2060555.4166666667,128974.5,965790.4583333334
4540416502662187256,3,2.6177020000000004,0.8725673333333335,0.39917555431692237,0.4574724941764826,1499547.15,749773.575,1263699.3666666667,235847.78333333333,513925.7916666667
2225850242754971286,3,3.323011,1.1076703333333333,0.6161495468116667,0.5562571536582335,2373516.95,1186758.475,2276014.5,97502.45,1089256.0250000001
1047252857832510181,3,1.003722,0.334574,0.1308491499118992,0.3910918060336404,2797987.1,1398993.55,1637854.8,1160132.3,238861.25
7943677581387872426,3,3.209946,1.069982,0.593460342987353,0.5546451650470315,1214121.45,607060.725,756098.1833333333,458023.26666666666,149037.45833333334
-7884065157719538723,3,2.851443,0.950481,0.7381567015483004,0.7766138424106325,946019.4166666666,473009.7083333333,871898.4666666667,74120.95,398888.75833333336
-7202690232024050871,3,3.9405059999999996,1.313502,0.5187851659797786,0.394963362050289,3247080.1666666665,1623540.0833333333,2253682.8833333333,993397.2833333333,630142.7999999999
7889753578287249752,3,2.596763,0.8655876666666668,0.3454266638948933,0.39906606482173373,2946960.8333333335,1473480.4166666665,2721558.9166666665,225401.91666666666,1248078.5
3063225407063057623,3,2.722526,0.9075086666666666,0.3697044903679454,0.4073839776383536,3758349.3333333335,1879174.6666666665,2813984.6333333333,944364.7,934809.9666666667
-5277094224584897509,3,2.6797069999999996,0.8932356666666665,0.4426969801571073,0.49561050535425033,2218646.8833333333,1109323.4416666667,1297334.5,921312.3833333333,188011.05833333335
915609062997291812,3,3.4035969999999995,1.1345323333333333,0.3757360329507347,0.33118142331545253,948180.9166666666,474090.4583333334,871564.8,76616.11666666667,397474.3416666667
6394732353297233866,3,0.7525379999999999,0.25084599999999996,0.17129316755395313,0.682861865662411,2574891.5166666666,1287445.7583333333,2521473.933333333,53417.583333333336,1234028.175
-6251393910594396757,3,3.7565350000000004,1.2521783333333334,0.8252234295289703,0.6590302735331658,3793810.5166666666,1896905.2583333333,2074885.3,1718925.2166666666,177980.04166666674
-4326293817521855476,3,5.373136,1.7910453333333332,0.7299943742917172,0.40758006551018844,806945.9166666666,403472.9583333333,652391.3833333333,154554.53333333333,248918.425
4162321731234503202,3,4.446712,1.4822373333333332,0.6724289319501024,0.45365807271761865,3409510.3666666667,1704755.1833333333,3013714.6666666665,395795.7,1308959.4833333334
3393867226317794428,3,4.571979000000001,1.5239930000000002,1.06563107691452,0.6992362018162288,1896893.85,948446.925,1203873.7833333334,693020.0666666667,255426.8583333334
-2116980500337999824,3,1.587691,0.5292303333333334,0.5817436728584926,1.0992258686202023,561907.4333333333,280953.7166666667,343232.5333333333,218674.9,62278.816666666666
4885443605258537855,3,0.993005,0.3310016666666667,0.34496843975870545,1.0421954766351793,2355264.7666666666,1177632.3833333333,2014007.0666666667,341257.7,836374.6833333333
-6190087968243130900,3,3.338333,1.1127776666666667,0.3961178465501845,0.3559721392834548,714843.5666666667,357421.7833333333,534702.0,180141.56666666668,177280.21666666667
4907378110871609189,3,5.376699,1.7922330000000002,1.1003887766551723,0.6139764063350983,4041698.933333333,2020849.4666666668,2703899.7666666666,1337799.1666666667,683050.2999999999
-4431927146083614542,3,2.974917,0.991639,0.9325872853104242,0.9404503910298245,2666458.466666667,1333229.2333333334,1672716.0666666667,993742.4,339486.8333333333
1051884052978112680,3,2.5331300000000003,0.8443766666666668,0.8106637798538238,0.9600736399479975,3319773.683333333,1659886.8416666668,3036667.216666667,283106.4666666667,1376780.375
-856500673319549070,3,0.8363229999999999,0.2787743333333333,0.22848137523852766,0.8195925805168375,3009389.6,1504694.7999999998,1735304.95,1274084.65,230610.15000000002
-1301706771402642579,3,1.962193,0.6540643333333334,0.29147161266160304,0.4456314123966445,3165463.6333333333,1582731.8166666667,1592396.6333333333,1573067.0,9664.816666666651
-8224870765677983682,3,1.476667,0.4922223333333333,0.2372694950772691,0.4820372401034271,2970399.95,1485199.9749999999,2836817.8,133582.15,1351617.825
9085667829117273044,3,3.220542,1.073514,0.8555216336508776,0.7969357024229563,3522169.1166666667,1761084.5583333333,2035904.45,1486264.6666666667,274819.8916666666
-7813693146126324269,3,1.916213,0.6387376666666666,0.49900019909303533,0.7812287033221808,3557851.5,1778925.75,2271660.216666667,1286191.2833333334,492734.4666666667
-392619438140982004,3,2.924007,0.974669,0.5373056318093082,0.5512698483375467,2138430.1666666665,1069215.0833333335,2138184.716666667,245.45,1068969.6333333333
-1395389073656215655,3,5.011694,1.6705646666666667,0.6922905161762334,0.41440509906005835,1789493.4833333334,894746.7416666666,1332703.4,456790.0833333333,437956.65833333327
6984606586142355480,3,5.102422,1.7008073333333333,0.9890621656573914,0.5815251065027891,1118340.0666666667,559170.0333333333,569552.1166666667,548787.95,10382.083333333372
8755920247105239611,3,3.506197,1.1687323333333333,0.23187537771014455,0.19839904407266154,914714.4333333333,457357.2166666667,674939.3333333334,239775.1,217582.11666666667
-8312823079742237369,3,6.092280000000001,2.0307600000000003,0.9363652535227194,0.46109104646670174,2890239.85,1445119.925,2519296.0166666666,370943.8333333333,1074176.0916666668
1687524915127450962,3,1.883808,0.6279359999999999,0.4520919265127392,0.7199649749540388,3368758.933333333,1684379.4666666666,2950834.9,417924.0333333333,1266455.4333333333
-4163816121832178271,3,3.8162570000000002,1.2720856666666667,1.2720157147963578,0.9999450100947272,2524394.9833333334,1262197.4916666667,1459804.5666666667,1064590.4166666667,197607.07499999995
-4791863886807213960,3,3.4450760000000002,1.1483586666666667,0.34317352801688467,0.29883827934439006,2454324.35,1227162.175,2221881.7,232442.65,994719.5250000001
-7651754871909784764,3,2.402556,0.800852,0.5912663166363078,0.738296609905835,3500610.1333333333,1750305.0666666667,3199615.4,300994.73333333334,1449310.3333333333
-2686927553177888322,3,2.2709710000000003,0.7569903333333334,0.0968271334917141,0.12791066045103272,2448198.35,1224099.175,1593897.3166666667,854301.0333333333,369798.14166666666
939932311241523375,3,1.0701349999999998,0.3567116666666666,0.15993017135056856,0.4483457825897721,3006659.816666667,1503329.9083333334,2658956.1166666667,347703.7,1155626.2083333335
-1407925041306415660,3,2.428636,0.8095453333333333,0.3346718738917602,0.41340720539236037,2971486.6666666665,1485743.3333333335,2634803.0833333335,336683.5833333333,1149059.75
3836524234118242649,3,1.624301,0.5414336666666667,0.23440891856800636,0.4329411578913139,2895783.5166666666,1447891.7583333333,1934138.9833333334,961644.5333333333,486247.22500000003
6245280038134348475,3,1.089433,0.36314433333333335,0.214441196076894,0.5905123015648341,4141981.4833333334,2070990.7416666667,2230396.45,1911585.0333333334,159405.70833333337
-103701298659966978,3,2.828473,0.9428243333333333,0.5496016800279595,0.582931157583572,1880354.5666666667,940177.2833333333,1752561.2666666666,127793.3,812383.9833333333
-5672577801431050453,3,2.737628,0.9125426666666666,0.30756973347230093,0.3370469619747105,2735177.3333333335,1367588.6666666665,1460944.7166666666,1274232.6166666667,93356.04999999993
-2250508600315389129,3,3.5324359999999997,1.1774786666666666,0.8661119408291799,0.7355648686876535,3239463.683333333,1619731.8416666668,2564442.4833333334,675021.2,944710.6416666667
3624981597541514116,3,5.7865400000000005,1.9288466666666668,1.0482776582491025,0.543473815915436,954014.3666666667,477007.18333333335,768087.4333333333,185926.93333333332,291080.25
-2376113980777791070,3,2.190474,0.730158,0.16560769489368546,0.2268107654695086,895604.9,447802.44999999995,541693.1333333333,353911.76666666666,93890.68333333332
-776181009039797310,3,2.660591,0.8868636666666667,0.42537513708986585,0.4796398286206326,1152966.9666666666,576483.4833333334,614363.1666666666,538603.8,37879.68333333329
1955804439273057405,3,3.188447,1.0628156666666666,0.38445346967813354,0.36173109009947496,2237512.5,1118756.25,1310788.0833333333,926724.4166666666,192031.8333333333
-8072924131355254362,3,4.705412,1.5684706666666666,0.8157964528881508,0.5201222249325782,1432016.9166666667,716008.4583333334,913516.0833333334,518500.8333333333,197507.62500000003
1186435335044317365,3,5.790210999999999,1.930070333333333,0.44840307219608666,0.2323247316182882,1534237.2833333334,767118.6416666666,810559.85,723677.4333333333,43441.208333333314
1697675951787595859,3,4.914953000000001,1.6383176666666668,0.9441226634727551,0.5762757020094119,1687620.65,843810.3250000001,1654872.85,32747.8,811062.525
-6289499159326288840,3,3.5342960000000003,1.1780986666666668,0.5898732062990787,0.5006993242493656,3785175.433333333,1892587.7166666666,3562960.75,222214.68333333332,1670373.0333333334
-1194377060544333751,3,4.372141,1.4573803333333333,1.0567606360547732,0.7251097135623759,4488141.3,2244070.65,3990278.216666667,497863.0833333333,1746207.5666666667
2617434854579753013,3,3.358855,1.1196183333333334,1.3710959880271776,1.2246101615227607,3930008.45,1965004.225,3233797.0166666666,696211.4333333333,1268792.7916666667
-6317636736342490626,3,2.789105,0.9297016666666668,1.0372397299327136,1.1156694315194804,3318467.95,1659233.975,2356180.75,962287.2,696946.775
5619425115890190477,3,1.0174940000000001,0.3391646666666667,0.28872543531451395,0.851283944616422,1013079.2166666667,506539.60833333334,957995.65,55083.566666666666,451456.0416666667
7779540940604173650,3,1.7049779999999999,0.568326,0.5058548812106756,0.8900787245536462,4694726.133333334,2347363.0666666664,3906506.75,788219.3833333333,1559143.6833333333
5156413348956425167,3,5.901911999999999,1.9673039999999997,0.4669723507810714,0.23736664530803145,3880239.6333333333,1940119.816666667,2787661.95,1092577.6833333333,847542.1333333334
-3041326327810985801,3,1.675843,0.5586143333333333,0.48704581508405237,0.8718820589113402,4230219.95,2115109.975,3824640.45,405579.5,1709530.475
6535270490500202185,3,2.590835,0.8636116666666668,0.5607902864484092,0.649354690416498,2583845.9833333334,1291922.9916666667,2069390.1333333333,514455.85,777467.1416666666
-6418181130473296235,3,1.8650890000000002,0.6216963333333334,0.26117161027484503,0.4200951433548399,3683641.533333333,1841820.7666666666,3494853.6166666667,188787.91666666666,1653032.85
-4647547384370930083,3,3.167588,1.0558626666666666,0.4347044963783508,0.4117055277185835,3903804.4,1951902.2,3456638.433333333,447165.9666666667,1504736.2333333332
6932831026564774418,3,0.967275,0.322425,0.10702695363629981,0.3319437191170034,2777029.9833333334,1388514.9916666667,2100038.033333333,676991.95,711523.0416666666
-872260631036620815,3,2.256133,0.7520443333333334,0.41592393579943066,0.553057735248007,3509832.5833333335,1754916.2916666667,3139914.8666666667,369917.7166666667,1384998.575
-5580527186262036695,3,4.824448,1.6081493333333334,0.6291111520027459,0.39120194807949793,1425075.35,712537.675,1110115.25,314960.1,397577.575
2589781740689408825,3,3.1677809999999997,1.0559269999999998,0.9815205786292341,0.9295345025074975,2133562.216666667,1066781.1083333334,1466522.0833333333,667040.1333333333,399740.975
7322886003642865882,3,2.398209,0.799403,0.2419105849647758,0.30261405694596566,940820.6833333333,470410.3416666667,583172.4833333333,357648.2,112762.14166666663
-1883395693398714342,3,4.143034,1.3810113333333334,1.1189793236374934,0.8102607825358131,3187252.0,1593626.0,2335312.85,851939.15,741686.8500000001
-1333327583269531772,3,1.517448,0.5058159999999999,0.24944527323777185,0.49315417708766013,3796109.6666666665,1898054.8333333335,3590780.45,205329.21666666667,1692725.6166666667
1399900068873879654,3,0.6667710000000001,0.22225700000000004,0.05529681680410426,0.24879673892882678,1318917.8666666667,659458.9333333333,899945.9666666667,418971.9,240487.03333333333
1717591376859186992,3,2.918066,0.9726886666666666,0.8241281087243388,0.847268131074834,2496366.1333333333,1248183.0666666667,1678621.7333333334,817744.4,430438.6666666667
-2742635622653720455,3,1.052536,0.3508453333333333,0.15285434931841343,0.435674454797974,2234566.3833333333,1117283.1916666667,2210817.6666666665,23748.716666666667,1093534.475
-8100889064116907603,3,2.37669,0.79223,0.7274219512227182,0.9181954119671285,1794695.6666666667,897347.8333333334,1482920.75,311774.9166666667,585572.9166666666
-917032604904577352,3,3.471323,1.1571076666666666,1.1860926251054578,1.0250494913081765,2100539.2333333334,1050269.6166666667,1507477.3666666667,593061.8666666667,457207.75
799249037072064441,3,3.108531,1.0361770000000001,0.8900183134883611,0.8589442860518628,1907670.9666666666,953835.4833333334,1007980.55,899690.4166666666,54145.06666666671
-4576566688794798680,3,3.5800460000000003,1.1933486666666668,0.46625255017735706,0.390709407234452,2850329.7666666666,1425164.8833333333,2703139.5,147190.26666666666,1277974.6166666667
-6991464814615303053,3,2.2130959999999997,0.7376986666666666,0.5240898828918141,0.7104389726769388,3469802.0833333335,1734901.0416666665,1740439.1833333333,1729362.9,5538.141666666721
-1357584568286772437,3,2.425644,0.808548,0.7312194269797998,0.9043611844687016,2941085.7333333334,1470542.8666666667,1478309.5833333333,1462776.15,7766.716666666674
-1145349465472286020,3,2.463026,0.8210086666666667,0.9626800417034843,1.172557709545272,1798734.2333333334,899367.1166666667,1411820.0833333333,386914.15,512452.9666666666
5819319092387160252,3,0.705898,0.23529933333333333,0.08416768084933525,0.35770471448850366,2671779.2,1335889.5999999999,2484362.2666666666,187416.93333333332,1148472.6666666665
2256523408047347113,3,3.3483980000000004,1.1161326666666669,0.3254682260276041,0.29160353042942094,1004743.3833333333,502371.69166666665,961549.6333333333,43193.75,459177.94166666665
8694968481454747220,3,1.929126,0.643042,0.41906285866522064,0.6516881613723842,1672222.6666666667,836111.3333333333,1345765.7166666666,326456.95,509654.3833333333
6123328204239298525,3,1.616933,0.5389776666666667,0.6237504006445386,1.1572843166251265,3978173.55,1989086.7750000001,3786837.2333333334,191336.31666666668,1797750.4583333333
-1276853211832352077,3,1.086478,0.36215933333333333,0.3615886766012208,0.9984242937304413,880007.1333333333,440003.56666666665,860653.1,19354.033333333333,420649.5333333333
-1110854928870243252,3,1.493595,0.497865,0.49224884003723157,0.9887195123923787,3498782.7,1749391.35,2628429.95,870352.75,879038.6000000001
9026754633235991672,3,0.6209,0.20696666666666666,0.12097569171899325,0.5845177567353516,2247547.75,1123773.875,1649834.6666666667,597713.0833333334,526060.7916666666
-2694785785627438301,3,6.319643,2.1065476666666667,1.5680996551412865,0.7443931509143569,3427552.05,1713776.0250000001,3126884.1,300667.95,1413108.075
-7471619884225408619,3,3.7263830000000002,1.2421276666666667,0.4730666150979397,0.3808518462256346,498517.5833333333,249258.79166666666,258831.43333333332,239686.15,9572.641666666663
-826282496692569825,3,5.573259,1.857753,2.2759878824769695,1.2251294345787462,4547090.8,2273545.4,4161190.2,385900.6,1887644.8
2707384196588533986,3,2.490334,0.8301113333333333,0.22930179223072422,0.27623016699453673,3775540.066666667,1887770.0333333334,2198602.3333333335,1576937.7333333334,310832.30000000005
8311280874543800410,3,2.315999,0.7719996666666668,0.586855635318337,0.7601760216455234,3881302.85,1940651.4249999998,3601746.1666666665,279556.68333333335,1661094.7416666667
-5639940013050520969,3,4.680801,1.5602669999999998,0.9228037205776752,0.5914396193585298,4671906.666666667,2335953.3333333335,4434097.5,237809.16666666666,2098144.1666666665
-8810155857382898144,3,2.030095,0.6766983333333334,0.4006112700173185,0.5920086547929804,2903015.033333333,1451507.5166666666,1606265.5833333333,1296749.45,154758.06666666665
-5265556418644703083,3,1.291398,0.430466,0.5706445439892216,1.3256437070273182,4242093.433333334,2121046.716666667,2983009.75,1259083.6833333333,861963.0333333333
-5093481518362779187,3,2.9789200000000005,0.9929733333333335,0.7586761593654803,0.7640448478295625,3683671.0833333335,1841835.5416666667,3198959.3833333333,484711.7,1357123.8416666668
-4936278823776870255,3,6.760593,2.253531,2.5849640488650256,1.1470727710712767,3953255.35,1976627.675,3505512.85,447742.5,1528885.175
-3920112972407015051,3,8.545483,2.8484943333333335,2.2267349906797524,0.781723510776308,3786027.5833333335,1893013.7916666667,2742567.066666667,1043460.5166666667,849553.2750000001
7322396717030112642,3,1.1606100000000001,0.38687000000000005,0.16391292999231838,0.42368994750773736,3341398.55,1670699.275,2805854.7666666666,535543.7833333333,1135155.4916666667
-6955733532402255820,3,4.095514,1.3651713333333333,1.172803185052614,0.8590886406829136,2606436.0166666666,1303218.0083333333,1325145.4666666666,1281290.55,21927.458333333256
1865272518817321559,3,3.321891,1.107297,0.9326852850120453,0.8423081476894142,3305388.6666666665,1652694.3333333333,2245967.15,1059421.5166666666,593272.8166666667
8787949655908018957,3,4.261788,1.420596,0.8509384171713016,0.5990009947735327,3726795.716666667,1863397.8583333334,3177024.9,549770.8166666667,1313627.0416666667
-963957885224201973,3,2.131206,0.7104020000000001,0.49998056376023264,0.7037994878396071,2501049.1,1250524.55,2270597.816666667,230451.28333333333,1020073.2666666667
2012104397245818496,3,2.395588,0.7985293333333333,0.49862240433173033,0.6244259083762279,3421145.6333333333,1710572.8166666667,2061572.2666666666,1359573.3666666667,350999.44999999995
3534163965516687630,3,2.7604159999999998,0.9201386666666665,1.074493224499914,1.167751409026662,3909508.9,1954754.4500000002,3890548.7,18960.2,1935794.2500000002
-8331977439203603357,3,1.0917919999999999,0.3639306666666666,0.3781173746270976,1.0389818975421077,990856.55,495428.275,547504.9666666667,443351.5833333333,52076.69166666668
-114029691843297045,3,3.267466,1.0891553333333335,1.3537037932118763,1.2428932327484443,4176583.6166666667,2088291.8083333333,3323514.716666667,853068.9,1235222.9083333334
-3896754608811067039,3,3.694316,1.2314386666666668,0.9734788988366528,0.7905216274162682,2100220.8666666667,1050110.4333333333,1602415.9666666666,497804.9,552305.5333333332
8870970560595883676,3,3.557939,1.1859796666666667,0.7648846063776912,0.6449390557660133,2881444.8333333335,1440722.4166666667,2371425.0,510019.8333333333,930702.5833333334
8160716865695358197,3,4.734916999999999,1.5783056666666664,0.5030980200718566,0.31875829295752595,2771306.033333333,1385653.0166666666,2597369.4166666665,173936.61666666667,1211716.4
5139192673754534318,3,2.7617860000000003,0.9205953333333334,0.953968322185572,1.0362515294656125,3670424.466666667,1835212.2333333334,3265016.0833333335,405408.38333333336,1429803.85
4644532419888672760,3,2.376271,0.7920903333333333,0.49441945954242356,0.6241958003221311,2903878.716666667,1451939.3583333334,1796200.05,1107678.6666666667,344260.69166666665
-4855800266505740963,3,4.401877,1.4672923333333332,0.8351524069175772,0.5691792889153268,3371432.35,1685716.1749999998,2232339.2666666666,1139093.0833333333,546623.0916666667
-2417666869379601599,3,3.1906610000000004,1.0635536666666667,0.7040437898882584,0.6619729797884436,4623586.633333334,2311793.3166666664,3481855.3833333333,1141731.25,1170062.0666666667
-2617700820055926053,3,2.1038,0.7012666666666667,0.42175319514089693,0.601416287395518,3441892.1333333333,1720946.066666667,3316009.316666667,125882.81666666667,1595063.2500000002
-3062547571711586100,3,1.132928,0.3776426666666666,0.26100141784076364,0.6911332878367301,2130199.2,1065099.6,1147522.55,982676.65,82422.95000000001
4979558990682635575,3,0.7275010000000001,0.24250033333333335,0.03371243025288381,0.13902013984675132,3395419.4833333334,1697709.7416666667,2438478.6166666667,956940.8666666667,740768.875
5385878886731150708,3,5.422993,1.8076643333333333,0.6220407275606817,0.34411296173202605,216863.2,108431.6,126141.11666666667,90722.08333333333,17709.51666666667
-6484472776109129279,3,2.518854,0.8396180000000001,0.6963881016004414,0.829410638648101,1391865.0333333334,695932.5166666666,1189665.4,202199.63333333333,493732.8833333333
-4017926160301910514,3,5.583094,1.8610313333333333,0.9177879061178691,0.4931609101250323,3247393.533333333,1623696.7666666666,1670229.15,1577164.3833333333,46532.3833333333
5396566433944050298,3,3.064705,1.0215683333333334,0.5687641317068282,0.5567558362454084,1111457.95,555728.975,785487.4666666667,325970.48333333334,229758.49166666667
8604259581226015356,3,6.841613999999999,2.2805379999999995,1.3919213153846017,0.6103477843318559,2537012.4166666665,1268506.2083333335,1734199.2833333334,802813.1333333333,465693.07500000007
2595432789246505302,3,0.5101169999999999,0.17003899999999997,0.11705483569962696,0.6883999300138615,4334012.483333333,2167006.2416666667,3605304.95,728707.5333333333,1438298.7083333335
-3973106250944883158,3,9.904494,3.301498,1.7556499004809205,0.531773728313911,4011811.033333333,2005905.5166666666,2702550.6166666667,1309260.4166666667,696645.1
2911592822448627512,3,10.537124,3.5123746666666666,1.5929628882827818,0.4535287489117852,3444905.2666666666,1722452.6333333335,3101027.566666667,343877.7,1378574.9333333336
-4849428076734544764,3,2.721088,0.9070293333333334,0.3150348562580902,0.34732598459670194,1817418.7333333334,908709.3666666667,1545523.5333333334,271895.2,636814.1666666667
-7283732854795210274,3,2.042374,0.6807913333333334,0.42336746853636364,0.6218755260344534,3116754.8666666667,1558377.4333333333,2320514.9833333334,796239.8833333333,762137.55
-7094495244319815370,3,1.668281,0.5560936666666666,0.4650069940551671,0.8362026434188854,1753408.4333333333,876704.2166666666,1451146.2166666666,302262.2166666667,574442.0
7763522718014733498,3,1.0102129999999998,0.3367376666666666,0.1897702630240634,0.5635551998164648,2097901.8,1048950.9,1558374.45,539527.35,509423.55
-6632185186069116932,3,2.7673569999999996,0.9224523333333332,1.0864687204438463,1.177804728963968,4153593.95,2076796.9749999999,3988234.2666666666,165359.68333333332,1911437.2916666665
-8711374901776456000,3,1.172377,0.39079233333333335,0.20155073692800585,0.5157489534373478,1847303.8833333333,923651.9416666667,1595705.7166666666,251598.16666666666,672053.775
-6378188267200737013,3,5.189761,1.7299203333333333,0.27673694297332657,0.15997091752779746,1749925.6666666667,874962.8333333334,1126666.1166666667,623259.55,251703.28333333333
9014917212572521773,3,4.380456,1.460152,0.8046966141898863,0.5511046892309063,3421766.95,1710883.475,2429016.85,992750.1,718133.3750000001
-6179835040765427595,3,3.615082,1.2050273333333335,0.5767750374708978,0.47864062624656734,2325952.6,1162976.3,1468778.7,857173.9,305802.39999999997
-8839848413710868902,3,5.7379359999999995,1.912645333333333,0.4101240030570699,0.21442762853597702,4555527.5,2277763.75,2756811.4166666665,1798716.0833333333,479047.6666666666
-9060928495754566288,3,2.427695,0.8092316666666667,0.5142733356302096,0.6355081700504507,4412761.383333334,2206380.6916666664,4360681.016666667,52080.36666666667,2154300.325
-4666675261813025717,3,1.069792,0.3565973333333334,0.03645400938473328,0.1022273751852695,3372834.9833333334,1686417.4916666667,3131695.6166666667,241139.36666666667,1445278.125
1487122575378179002,3,0.9348529999999999,0.3116176666666666,0.2813619237356437,0.9029074851414407,2244811.5833333335,1122405.7916666667,1782814.25,461997.3333333333,660408.4583333334
-1944259861661601426,3,2.490474,0.830158,0.24868409817008139,0.29956237025973537,3325039.9166666665,1662519.9583333335,1796132.4833333334,1528907.4333333333,133612.52500000002
-2199884633598794938,3,4.355241,1.4517470000000001,1.011193305884686,0.6965354885422088,3933538.9166666665,1966769.4583333333,3331180.183333333,602358.7333333333,1364410.7249999999
7007266553172828681,3,1.041814,0.3472713333333333,0.1696587521277802,0.4885481058839108,3538761.6666666665,1769380.8333333333,3507022.3,31739.366666666665,1737641.4666666666
4493970728091784327,3,0.9026150000000001,0.3008716666666667,0.14612204272304555,0.4856623567846054,1272757.0,636378.5,1147136.9666666666,125620.03333333334,510758.4666666666
2112559234683903206,3,1.0634709999999998,0.3544903333333333,0.2051257449473913,0.5786497561684089,4102886.0166666666,2051443.0083333333,2105614.5166666666,1997271.5,54171.5083333333
-508406444122039182,3,3.956279,1.3187596666666666,1.1265439582091572,0.854245080952954,247635.48333333334,123817.74166666667,132979.45,114656.03333333334,9161.708333333336
-1276695745171776276,3,4.223341,1.4077803333333332,0.9042123944156534,0.6422965096228224,2966020.7333333334,1483010.3666666667,2290802.0166666666,675218.7166666667,807791.6499999999
-7692641154181887312,3,4.819482,1.6064939999999999,0.5855201899866476,0.36447082278965726,2723247.1333333333,1361623.5666666667,1532899.4666666666,1190347.6666666667,171275.8999999999
-4031865912826896421,3,4.315816,1.4386053333333333,0.6815637165285592,0.47376698858006866,1108019.6166666667,554009.8083333333,1001860.45,106159.16666666667,447850.64166666666
-9180033924511683627,3,1.339021,0.44634033333333334,0.07220743868574452,0.16177663834789263,4429958.533333333,2214979.2666666666,3799312.0833333335,630646.45,1584332.8166666667
5908859159019955760,3,2.385245,0.7950816666666666,0.25831908977636336,0.32489629758330496,494594.26666666666,247297.13333333333,349208.4666666667,145385.8,101911.33333333334
7173779840233598105,3,0.9272290000000001,0.30907633333333334,0.1697384621161496,0.5491797456167233,3616099.0833333335,1808049.5416666665,2029298.5833333333,1586800.5,221249.04166666663
4283026500705448905,3,4.5840890000000005,1.5280296666666668,1.4672817446649056,0.9602442784149078,4452241.616666666,2226120.8083333336,2333751.1,2118490.5166666666,107630.29166666674
6799597240767425737,3,2.8064899999999997,0.9354966666666665,0.8600834089018473,0.9193869305451088,153357.86666666667,76678.93333333333,110446.56666666667,42911.3,33767.63333333333
3936375967322715947,3,1.438051,0.4793503333333333,0.46516672616194527,0.9704107701923199,1860820.55,930410.275,1665676.05,195144.5,735265.775
7245956930961637677,3,2.582729,0.8609096666666667,0.5294348040834573,0.6149713780463889,2065318.8333333333,1032659.4166666667,1246135.75,819183.0833333334,213476.3333333333
6596600821173693414,3,3.421907,1.1406356666666666,0.7401060800058026,0.6488540571141787,1242157.1833333333,621078.5916666667,1200990.45,41166.73333333333,579911.8583333333
-5402650511574634164,3,4.425459999999999,1.475153333333333,0.4780748287317466,0.3240848377784999,831121.8666666667,415560.93333333335,815365.9,15755.966666666667,399804.9666666667
-5185226689441351331,3,3.259886,1.0866286666666667,0.9723204577923658,0.8948047181334247,2282953.216666667,1141476.6083333332,2258887.683333333,24065.533333333333,1117411.075
-2455690330806263816,3,1.0613080000000001,0.3537693333333334,0.17522016376420713,0.4952949485847853,3362851.816666667,1681425.9083333332,2424507.933333333,938343.8833333333,743082.0249999999
8326823760302580348,3,2.688973,0.8963243333333333,0.855397517353709,0.9543392782527481,2411070.9166666665,1205535.4583333333,1651062.5,760008.4166666666,445527.0416666667
-6960912972054591515,3,1.249743,0.41658100000000003,0.22748183723688065,0.5460686810893455,1781975.35,890987.675,1475599.95,306375.4,584612.275
2016417676535771494,3,3.561944,1.1873146666666667,0.9913024000701748,0.8349112732290357,4093773.55,2046886.7750000001,3783364.85,310408.7,1736478.0750000002
9184851870953987075,3,2.0533930000000002,0.6844643333333335,0.8021468095406367,1.1719336866454253,4299150.9,2149575.45,4019069.0833333335,280081.81666666665,1869493.6333333335
-2461540614823765869,3,2.8034209999999997,0.9344736666666665,0.9278130680438215,0.9928723527902034,656452.3166666667,328226.1583333333,441006.8,215445.51666666666,112780.64166666666
-7753510808751687828,3,5.677045000000001,1.8923483333333335,1.6357576332416188,0.8644062007126694,3421460.1166666667,1710730.0583333333,2809357.7,612102.4166666666,1098627.6416666666
8603713960592232347,3,7.1106359999999995,2.370212,2.012987392243346,0.849285799010108,1109417.2666666666,554708.6333333333,755786.9833333333,353630.2833333333,201078.34999999998
9137135268786215604,3,2.902301,0.9674336666666666,0.4541999774668521,0.46948952999725263,1076388.7,538194.35,738769.8166666667,337618.88333333336,200575.46666666665
3692516902408121041,3,2.375556,0.791852,0.2433597766860141,0.3073298756409204,3200766.1333333333,1600383.0666666667,2065359.5166666666,1135406.6166666667,464976.44999999995
-5887186343115110206,3,3.100798,1.0335993333333333,0.3592537695022219,0.34757546557585034,2094686.9333333333,1047343.4666666667,1248253.1833333333,846433.75,200909.71666666667
-7296423400597268422,3,3.633238,1.2110793333333334,0.2742742733497904,0.22647093860885828,2081010.9166666667,1040505.4583333334,1805246.3666666667,275764.55,764740.9083333334
-3213532447912133822,3,5.087267000000001,1.6957556666666669,1.0809915758760051,0.6374689450402378,3384577.6166666667,1692288.808333333,2433992.933333333,950584.6833333333,741704.1249999999
-5900378272310204134,3,2.052218,0.6840726666666667,0.3693553274281496,0.53993580715326,2531025.716666667,1265512.8583333334,2489183.566666667,41842.15,1223670.7083333335
-5455081916780892425,3,3.612017,1.2040056666666665,0.5694792208327027,0.4729871599436294,2550799.2,1275399.5999999999,2197938.1666666665,352861.0333333333,922538.5666666667
-5800409475194961031,3,2.831416,0.9438053333333333,0.9215674016696891,0.9764380101719661,554135.8833333333,277067.94166666665,277774.35,276361.5333333333,706.4083333333256
768167673765160708,3,4.6321259999999995,1.544042,0.5938064777388897,0.3845792263027105,2872879.95,1436439.975,2387802.5166666666,485077.43333333335,951362.5416666666
3848254582314390422,3,4.335538,1.4451793333333331,0.5473389438683208,0.3787342727949709,4085794.3,2042897.15,3651307.3833333333,434486.9166666667,1608410.2333333334
6894847016686270250,3,2.094786,0.698262,0.45196501649795856,0.6472713916810001,1447033.6666666667,723516.8333333334,1365241.75,81791.91666666667,641724.9166666667
8397024754099051997,3,2.944741,0.9815803333333334,0.7409942421662638,0.7548992344314122,2950365.3833333333,1475182.6916666667,2607391.4166666665,342973.9666666667,1132208.7249999999
-6648871655475382252,3,0.656397,0.218799,0.1875741475221643,0.8572897843324893,2733215.05,1366607.525,2209784.25,523430.8,843176.725
7237855897550712757,3,1.832557,0.6108523333333333,0.48731246696572644,0.7977582148316147,2782060.2,1391030.1,2662707.6,119352.6,1271677.5
-2071691672167972489,3,2.321242,0.7737473333333332,0.5265707329975295,0.68054610376367,88172.43333333333,44086.21666666666,86948.46666666666,1223.9666666666667,42862.24999999999
-5724664463489968652,3,3.577784,1.1925946666666667,0.42012452014161494,0.352277711685458,3876425.5833333335,1938212.7916666667,3122038.1166666667,754387.4666666667,1183825.325
3461545384679322591,3,2.698966,0.8996553333333334,0.2008014905893103,0.22319824398229945,3452333.55,1726166.775,2726391.8833333333,725941.6666666666,1000225.1083333334
3553665413715002466,3,3.182517,1.0608389999999999,0.38998099445314854,0.36761562730362346,4066787.95,2033393.975,4028372.7333333334,38415.21666666667,1994978.7583333335
8989919064478869608,3,2.153833,0.7179443333333334,0.4452644958144416,0.6201936210668723,4660151.666666667,2330075.833333333,4066655.55,593496.1166666667,1736579.7166666666
4128769948503451924,3,3.9297820000000003,1.3099273333333334,0.9799896946847055,0.7481252354594011,2454237.8333333335,1227118.9166666667,2147015.5,307222.3333333333,919896.5833333334
-917145764576996097,3,4.241661000000001,1.4138870000000001,0.5173085253972398,0.36587685253293917,2340033.783333333,1170016.8916666666,1678322.9666666666,661710.8166666667,508306.07499999995
573439701681310033,3,1.226696,0.4088986666666667,0.2513753429519734,0.6147619531293166,3605551.316666667,1802775.6583333334,2944230.7333333334,661320.5833333334,1141455.0750000002
1833862158535749394,3,5.091244,1.6970813333333332,1.5034313711387768,0.8858923503600162,1568246.0,784123.0,1272745.75,295500.25,488622.75
2132763516625115348,3,6.895949,2.2986496666666665,1.5669816866705524,0.6816966105769717,2071527.5666666667,1035763.7833333333,1930886.1333333333,140641.43333333332,895122.35
-3571304293133634657,3,1.350188,0.45006266666666667,0.23479245161394965,0.5216883536528609,2080366.2166666666,1040183.1083333334,1093388.75,986977.4666666667,53205.64166666666
-7976611552996006391,3,1.8154629999999998,0.6051543333333332,0.12497441146179576,0.20651659350005333,1674785.1,837392.55,1646465.1,28320.0,809072.55
-4791628193881073053,3,7.499892,2.499964,3.176273293805913,1.2705276131199943,2961355.4,1480677.7000000002,1734293.1,1227062.3,253615.40000000002
2579126349831643406,3,4.030225,1.3434083333333333,0.41564045778800485,0.3093924962909055,4632135.166666667,2316067.5833333335,2871784.7,1760350.4666666666,555717.1166666668
-7516599390079997946,3,8.013022,2.6710073333333333,1.337940017118937,0.5009121466728547,4393059.0,2196529.5,3999271.8333333335,393787.1666666667,1802742.3333333335
8657267118174131675,3,1.57908,0.52636,0.30949643587716263,0.5879938366843275,840821.85,420410.925,720699.2833333333,120122.56666666667,300288.35833333334
910377713818991494,3,6.400288,2.1334293333333334,1.7241679142713706,0.8081673422843022,3351161.433333333,1675580.7166666668,2789623.3333333335,561538.1,1114042.6166666667
6999279439453895055,3,3.18825,1.06275,0.9119994165155298,0.8581504742559678,4626831.483333333,2313415.7416666667,2938443.5166666666,1688387.9666666666,625027.775
5896531983700736904,3,1.3797100000000002,0.4599033333333334,0.3778470371392224,0.8215792531891971,2233949.95,1116974.975,1770468.5666666667,463481.38333333336,653493.5916666667
5034574672204323020,3,1.9910800000000002,0.6636933333333334,0.3608959643224377,0.5437691569235354,458202.4,229101.2,240321.35,217881.05,11220.150000000009
3257870653409525511,3,4.140803,1.3802676666666667,0.9385158443756941,0.6799520607783278,4372757.25,2186378.625,3076242.4166666665,1296514.8333333333,889863.7916666666
7502907050275780745,3,2.721358,0.9071193333333333,0.6464128564430699,0.7125995805510373,507014.56666666665,253507.28333333333,436172.06666666665,70842.5,182664.78333333333
3869955288599571560,3,1.558745,0.5195816666666667,0.3889819916280044,0.7486445665480967,3850335.316666667,1925167.6583333332,2321329.8833333333,1529005.4333333333,396162.225
5938143323039958149,3,2.660933,0.8869776666666667,0.2540307198094138,0.2864003563517914,1067426.2666666666,533713.1333333333,570047.95,497378.31666666665,36334.81666666665
6519751632925185155,3,4.1879290000000005,1.3959763333333335,0.8452816599100103,0.6055128870928878,3345445.05,1672722.5250000001,3319558.5833333335,25886.466666666667,1646836.0583333336
-1476633963097145024,3,3.289,1.0963333333333334,0.4259080441318551,0.38848407795547746,4041522.85,2020761.425,3205982.3833333333,835540.4666666667,1185220.9583333335
-7365796361026109218,3,3.415298,1.1384326666666666,0.7629763435102181,0.6701989198396903,1994639.3833333333,997319.6916666667,1388259.4833333334,606379.9,390939.7916666667
-3860207941437087225,3,4.762524,1.587508,0.7218223686849835,0.45468896451859364,2221639.9,1110819.95,1951242.6166666667,270397.2833333333,840422.6666666666
-8373800284148964547,3,3.1592209999999996,1.0530736666666665,0.6353103066755822,0.60329141900068,4079310.3333333335,2039655.1666666665,3395990.3833333333,683319.95,1356335.2166666666
-1480701666448154899,3,8.013305,2.671101666666667,3.0697625258799563,1.1492496014615527,2901097.8333333335,1450548.9166666665,2043987.4666666666,857110.3666666667,593438.5499999999
-6744526427338181519,3,0.7739640000000001,0.25798800000000005,0.1870106025728666,0.7248810121899724,3137299.566666667,1568649.7833333334,2959278.816666667,178020.75,1390629.0333333334
9001789090005255229,3,5.260239,1.753413,1.3643283590257882,0.7780986903974068,4553195.533333333,2276597.7666666666,2883036.2333333334,1670159.3,606438.4666666667
6944910420199039145,3,0.9961740000000001,0.332058,0.23742025770912362,0.7149963491592541,1693505.4833333334,846752.7416666667,893848.95,799656.5333333333,47096.20833333332
-7282736865891059031,3,3.603607,1.2012023333333333,0.9585000804779424,0.7979505649294797,2314241.45,1157120.725,2192422.3833333333,121819.06666666667,1035301.6583333333
2728553174878054604,3,4.539063,1.513021,1.4690503695206185,0.9709385193732397,3809357.5833333335,1904678.7916666667,3360809.1333333333,448548.45,1456130.3416666668
-5765805589808887861,3,3.8730489999999995,1.291016333333333,1.2496094442569734,0.9679269053324451,3662968.5833333335,1831484.2916666667,2701052.316666667,961916.2666666667,869568.025
-2808236469122518678,3,3.6223370000000004,1.2074456666666669,0.8435040651987926,0.6985855251999958,4363877.216666667,2181938.6083333334,2495643.9166666665,1868233.3,313705.30833333323
-4164763518241856223,3,1.042643,0.34754766666666664,0.388756919597438,1.1185715137322307,1139388.4833333334,569694.2416666667,949613.9166666666,189774.56666666668,379919.67499999993
